Time,Extension,Load,Strain 2,Tensile strain,Tensile stress
(sec),(mm),(N),(mm/mm),(mm/mm),(MPa)
0.00000,0.00000,0.25393,0.00000,0.00000,0.00305
0.10000,0.00173,2.18740,0.00000,0.00000,0.02631
0.20000,0.00753,7.20885,0.00000,0.00001,0.08671
0.30000,0.01363,7.38387,0.00000,0.00000,0.08881
0.40000,0.01949,8.30989,0.00000,0.00001,0.09995
0.50000,0.02469,9.49223,0.00000,0.00001,0.11417
0.60000,0.03001,10.87211,0.00000,0.00001,0.13077
0.70000,0.03498,11.28364,0.00000,0.00001,0.13572
0.80000,0.04012,11.50623,0.00000,0.00001,0.13840
0.90000,0.04496,12.94666,0.00000,0.00001,0.15572
1.00000,0.05004,13.43147,0.00000,0.00002,0.16155
1.10000,0.05495,15.06037,0.00000,0.00001,0.18114
1.20000,0.06009,14.77688,0.00000,0.00001,0.17773
1.30000,0.06493,15.67374,0.00000,0.00002,0.18852
1.40000,0.07001,16.19783,0.00000,0.00002,0.19483
1.50000,0.07498,16.58947,0.00000,0.00002,0.19954
1.60000,0.08012,16.72140,0.00000,0.00002,0.20112
1.70000,0.08502,18.13540,0.00000,0.00002,0.21813
1.80000,0.09004,18.40785,0.00000,0.00002,0.22141
1.90000,0.09501,19.12267,0.00000,0.00002,0.23001
2.00000,0.10003,19.46113,0.00000,0.00002,0.23408
2.10000,0.10511,20.61799,0.00000,0.00002,0.24799
2.20000,0.11001,21.11494,0.00000,0.00002,0.25397
2.30000,0.11503,22.07932,0.00000,0.00001,0.26557
2.40000,0.11988,23.35249,0.00000,0.00001,0.28088
2.50000,0.12508,23.83890,0.00000,0.00001,0.28673
2.60000,0.12998,25.20067,0.00000,0.00001,0.30311
2.70000,0.13512,25.11190,0.00000,0.00001,0.30204
2.80000,0.13991,25.91930,0.00000,0.00001,0.31175
2.90000,0.14505,27.45131,0.00000,0.00001,0.33018
3.00000,0.14995,29.54913,0.00000,0.00001,0.35541
3.10000,0.15515,29.89994,0.00000,0.00001,0.35963
3.20000,0.15994,30.46361,0.00000,0.00001,0.36641
3.30000,0.16508,31.29977,0.00000,0.00001,0.37647
3.40000,0.16992,32.41250,0.00000,0.00001,0.38985
3.50000,0.17506,35.20869,0.00000,0.00001,0.42349
3.60000,0.17997,37.93947,0.00000,0.00000,0.45633
3.70000,0.18505,39.20662,0.00000,0.00000,0.47157
3.80000,0.18995,40.50005,0.00000,0.00000,0.48713
3.90000,0.19503,42.27256,0.00000,0.00000,0.50845
4.00000,0.20006,47.18752,0.00000,-0.00001,0.56757
4.10000,0.20502,55.25912,0.00000,-0.00001,0.66465
4.20000,0.21004,63.10371,0.00000,-0.00001,0.75900
4.30000,0.21500,71.44487,0.00000,-0.00001,0.85933
4.40000,0.22009,78.90343,0.00000,-0.00001,0.94904
4.50000,0.22505,90.16074,0.00000,-0.00001,1.08444
4.60000,0.23007,104.29200,0.00000,-0.00002,1.25441
4.70000,0.23491,118.49494,0.00000,-0.00002,1.42524
4.80000,0.24011,134.97289,0.00000,-0.00002,1.62344
4.90000,0.24502,150.67543,0.00000,-0.00002,1.81231
5.00000,0.25016,170.05677,0.00000,-0.00001,2.04542
5.10000,0.25494,191.20515,0.00000,0.00000,2.29979
5.20000,0.26008,216.55408,0.00000,0.00000,2.60469
5.30000,0.26499,241.51222,0.00000,0.00001,2.90488
5.40000,0.27013,266.34508,0.00000,0.00001,3.20357
5.50000,0.27497,288.90716,0.00000,0.00002,3.47494
5.60000,0.28005,312.48443,0.00000,0.00004,3.75852
5.70000,0.28490,337.00580,0.00000,0.00005,4.05346
5.80000,0.29004,365.90912,0.00000,0.00006,4.40111
5.90000,0.29500,393.34735,0.00000,0.00007,4.73113
6.00000,0.30008,421.10207,0.00000,0.00008,5.06496
6.10000,0.30499,450.17404,0.00000,0.00009,5.41464
6.20000,0.31001,476.90966,0.00000,0.00011,5.73621
6.30000,0.31491,508.16503,0.00000,0.00012,6.11215
6.40000,0.32005,539.03637,0.00000,0.00013,6.48346
6.50000,0.32496,571.26167,0.00000,0.00015,6.87106
6.60000,0.32998,599.80345,0.00000,0.00016,7.21436
6.70000,0.33500,630.27693,0.00000,0.00017,7.58089
6.80000,0.33990,657.87700,0.00000,0.00018,7.91286
6.90000,0.34505,686.37524,0.00000,0.00019,8.25564
7.00000,0.34995,711.58400,0.00000,0.00021,8.55884
7.10000,0.35503,740.86487,0.00000,0.00022,8.91103
7.20000,0.35987,764.28684,0.00000,0.00023,9.19275
7.30000,0.36507,791.03159,0.00000,0.00024,9.51443
7.40000,0.36992,814.25486,0.00000,0.00025,9.79376
7.50000,0.37506,841.45078,0.00000,0.00026,10.12087
7.60000,0.37984,863.60434,0.00000,0.00027,10.38733
7.70000,0.38504,886.66743,0.00000,0.00028,10.66473
7.80000,0.38989,908.06531,0.00000,0.00029,10.92210
7.90000,0.39503,929.42836,0.00000,0.00030,11.17905
8.00000,0.39993,949.88672,0.00000,0.00031,11.42512
8.10000,0.40501,970.47770,0.00000,0.00032,11.67279
8.20000,0.40992,989.78607,0.00000,0.00033,11.90502
8.30000,0.41506,1009.22165,0.00000,0.00034,12.13879
8.40000,0.41996,1027.14244,0.00000,0.00035,12.35434
8.50000,0.42498,1045.69849,0.00000,0.00035,12.57753
8.60000,0.42995,1063.76233,0.00000,0.00036,12.79480
8.70000,0.43497,1078.97287,0.00000,0.00037,12.97775
8.80000,0.44005,1096.44439,0.00000,0.00037,13.18790
8.90000,0.44501,1111.41279,0.00000,0.00038,13.36794
9.00000,0.45004,1127.40658,0.00000,0.00039,13.56031
9.10000,0.45494,1139.66903,0.00000,0.00039,13.70780
9.20000,0.46008,1153.69111,0.00000,0.00040,13.87645
9.30000,0.46504,1165.40119,0.00000,0.00040,14.01730
9.40000,0.47006,1180.61071,0.00000,0.00041,14.20024
9.50000,0.47497,1190.14550,0.00000,0.00042,14.31492
9.60000,0.48005,1202.62830,0.00000,0.00042,14.46506
9.70000,0.48495,1212.29133,0.00000,0.00042,14.58129
9.80000,0.49015,1224.26143,0.00000,0.00043,14.72526
9.90000,0.49494,1232.87141,0.00000,0.00044,14.82882
10.00000,0.50008,1244.58484,0.00000,0.00044,14.96971
10.10000,0.50486,1252.52996,0.00000,0.00044,15.06527
10.20000,0.51012,1263.01451,0.00000,0.00044,15.19138
10.30000,0.51497,1269.80590,0.00000,0.00045,15.27307
10.40000,0.52005,1279.73342,0.00000,0.00045,15.39247
10.50000,0.52495,1286.45841,0.00000,0.00046,15.47336
10.60000,0.53003,1294.18960,0.00000,0.00046,15.56635
10.70000,0.53494,1300.91105,0.00000,0.00046,15.64720
10.80000,0.54008,1307.83878,0.00000,0.00046,15.73052
10.90000,0.54492,1314.43990,0.00000,0.00047,15.80992
11.00000,0.55000,1319.20474,0.00000,0.00047,15.86723
11.10000,0.55497,1324.33856,0.00000,0.00047,15.92898
11.20000,0.55999,1330.42149,0.00000,0.00047,16.00214
11.30000,0.56501,1338.73913,0.00000,0.00047,16.10219
11.40000,0.56997,1343.82704,0.00000,0.00048,16.16338
11.50000,0.57500,1351.39069,0.00000,0.00048,16.25436
11.60000,0.57996,1355.49605,0.00000,0.00049,16.30374
11.70000,0.58510,1363.03352,0.00000,0.00049,16.39440
11.80000,0.58994,1366.28002,0.00000,0.00049,16.43345
11.90000,0.59503,1374.37945,0.00000,0.00049,16.53087
12.00000,0.59981,1376.65775,0.00000,0.00049,16.55827
12.10000,0.60501,1385.80687,0.00000,0.00050,16.66831
12.20000,0.60991,1391.01371,0.00000,0.00049,16.73094
12.30000,0.61499,1397.18689,0.00000,0.00050,16.80519
12.40000,0.61984,1403.51076,0.00000,0.00051,16.88125
12.50000,0.62504,1410.91635,0.00000,0.00051,16.97033
12.60000,0.62994,1417.02099,0.00000,0.00051,17.04375
12.70000,0.63508,1423.21549,0.00000,0.00051,17.11826
12.80000,0.63999,1427.64812,0.00000,0.00051,17.17157
12.90000,0.64501,1431.65560,0.00000,0.00051,17.21978
13.00000,0.64997,1435.14862,0.00000,0.00052,17.26179
13.10000,0.65505,1438.14115,0.00000,0.00051,17.29778
13.20000,0.65996,1442.51380,0.00000,0.00052,17.35038
13.30000,0.66498,1443.16666,0.00000,0.00052,17.35823
13.40000,0.66994,1446.41297,0.00000,0.00052,17.39728
13.50000,0.67496,1446.78056,0.00000,0.00052,17.40170
13.60000,0.68005,1449.32363,0.00000,0.00052,17.43228
13.70000,0.68507,1453.58872,0.00000,0.00052,17.48358
13.80000,0.69009,1459.16799,0.00000,0.00052,17.55069
13.90000,0.69499,1462.39977,0.00000,0.00052,17.58956
14.00000,0.70008,1467.47101,0.00000,0.00053,17.65056
14.10000,0.70504,1472.77508,0.00000,0.00053,17.71436
14.20000,0.71006,1481.33598,0.00000,0.00053,17.81733
14.30000,0.71496,1488.71783,0.00000,0.00054,17.90611
14.40000,0.72004,1500.77287,0.00000,0.00054,18.05111
14.50000,0.72495,1509.55040,0.00000,0.00055,18.15668
14.60000,0.73015,1523.56485,0.00000,0.00055,18.32525
14.70000,0.73499,1535.97789,0.00000,0.00056,18.47455
14.80000,0.74013,1549.87909,0.00000,0.00057,18.64175
14.90000,0.74492,1562.64193,0.00000,0.00057,18.79526
15.00000,0.75012,1578.11493,0.00000,0.00058,18.98137
15.10000,0.75490,1591.88677,0.00000,0.00058,19.14702
15.20000,0.76004,1608.78021,0.00000,0.00059,19.35021
15.30000,0.76489,1625.28381,0.00000,0.00060,19.54871
15.40000,0.77003,1641.96193,0.00000,0.00061,19.74931
15.50000,0.77499,1658.83433,0.00000,0.00062,19.95225
15.60000,0.78001,1677.47568,0.00000,0.00063,20.17647
15.70000,0.78492,1695.40606,0.00000,0.00064,20.39213
15.80000,0.79000,1712.26226,0.00000,0.00064,20.59488
15.90000,0.79502,1731.14650,0.00000,0.00065,20.82202
16.00000,0.79998,1747.90323,0.00000,0.00066,21.02356
16.10000,0.80501,1768.16285,0.00000,0.00067,21.26724
16.20000,0.80997,1785.94347,0.00000,0.00068,21.48111
16.30000,0.81499,1805.79256,0.00000,0.00069,21.71985
16.40000,0.81995,1822.27381,0.00000,0.00070,21.91808
16.50000,0.82504,1842.92961,0.00000,0.00071,22.16653
16.60000,0.82994,1861.55029,0.00000,0.00072,22.39050
16.70000,0.83502,1882.70416,0.00000,0.00073,22.64493
16.80000,0.83986,1901.42170,0.00000,0.00074,22.87006
16.90000,0.84506,1922.64467,0.00000,0.00075,23.12533
17.00000,0.84991,1940.68756,0.00000,0.00075,23.34235
17.10000,0.85511,1963.34142,0.00000,0.00076,23.61483
17.20000,0.85989,1981.81011,0.00000,0.00078,23.83697
17.30000,0.86509,2002.60207,0.00000,0.00079,24.08705
17.40000,0.87000,2022.05554,0.00000,0.00079,24.32103
17.50000,0.87508,2043.22822,0.00000,0.00081,24.57570
17.60000,0.87992,2062.48816,0.00000,0.00081,24.80735
17.70000,0.88500,2084.55808,0.00000,0.00082,25.07281
17.80000,0.88997,2106.10218,0.00000,0.00083,25.33194
17.90000,0.89505,2126.54658,0.00000,0.00084,25.57784
18.00000,0.89995,2148.08676,0.00000,0.00085,25.83692
18.10000,0.90503,2168.28715,0.00000,0.00086,26.07989
18.20000,0.91000,2191.55494,0.00000,0.00088,26.35975
18.30000,0.91502,2211.92315,0.00000,0.00088,26.60474
18.40000,0.92004,2235.46661,0.00000,0.00090,26.88791
18.50000,0.92500,2258.05286,0.00000,0.00091,27.15958
18.60000,0.93003,2281.63674,0.00000,0.00092,27.44324
18.70000,0.93499,2302.63211,0.00000,0.00093,27.69577
18.80000,0.94007,2326.37040,0.00000,0.00094,27.98129
18.90000,0.94491,2345.73130,0.00000,0.00095,28.21416
19.00000,0.95006,2370.27165,0.00000,0.00096,28.50933
19.10000,0.95490,2390.36251,0.00000,0.00097,28.75098
19.20000,0.96004,2413.92776,0.00000,0.00098,29.03442
19.30000,0.96494,2434.41686,0.00000,0.00099,29.28086
19.40000,0.97008,2458.88438,0.00000,0.00101,29.57516
19.50000,0.97487,2482.34682,0.00000,0.00102,29.85736
19.60000,0.98007,2506.89797,0.00000,0.00103,30.15266
19.70000,0.98491,2528.90103,0.00000,0.00104,30.41731
19.80000,0.99005,2552.80677,0.00000,0.00105,30.70484
19.90000,0.99490,2575.02068,0.00000,0.00106,30.97203
20.00000,0.99998,2598.48069,0.00000,0.00107,31.25420
20.10000,1.00488,2621.86155,0.00000,0.00108,31.53543
20.20000,1.01008,2645.07905,0.00000,0.00109,31.81468
20.30000,1.01499,2668.34460,0.00000,0.00111,32.09452
20.40000,1.02001,2690.89360,0.00000,0.00111,32.36573
20.50000,1.02497,2715.17914,0.00000,0.00113,32.65784
20.60000,1.02999,2736.55988,0.00000,0.00114,32.91500
20.70000,1.03502,2760.78042,0.00000,0.00115,33.20632
20.80000,1.03998,2781.83203,0.00000,0.00116,33.45953
20.90000,1.04500,2807.69896,0.00000,0.00117,33.77065
21.00000,1.04990,2829.81433,0.00000,0.00118,34.03666
21.10000,1.05499,2852.85003,0.00000,0.00119,34.31373
21.20000,1.05995,2874.69141,0.00000,0.00120,34.57643
21.30000,1.06509,2898.20712,0.00000,0.00122,34.85928
21.40000,1.06987,2921.87557,0.00000,0.00123,35.14396
21.50000,1.07502,2947.62608,0.00000,0.00124,35.45368
21.60000,1.07986,2970.30825,0.00000,0.00125,35.72650
21.70000,1.08512,2997.32443,0.00000,0.00126,36.05145
21.80000,1.08996,3020.79897,0.00000,0.00127,36.33379
21.90000,1.09504,3047.45752,0.00000,0.00129,36.65444
22.00000,1.09989,3071.79186,0.00000,0.00130,36.94713
22.10000,1.10503,3098.53572,0.00000,0.00131,37.26880
22.20000,1.10993,3123.05037,0.00000,0.00132,37.56366
22.30000,1.11507,3150.01048,0.00000,0.00134,37.88793
22.40000,1.11992,3176.13333,0.00000,0.00135,38.20214
22.50000,1.12500,3202.41973,0.00000,0.00136,38.51831
22.60000,1.12996,3227.43841,0.00000,0.00138,38.81923
22.70000,1.13504,3252.63180,0.00000,0.00139,39.12225
22.80000,1.13995,3279.46879,0.00000,0.00140,39.44504
22.90000,1.14497,3305.85502,0.00000,0.00141,39.76241
23.00000,1.14993,3332.93416,0.00000,0.00143,40.08812
23.10000,1.15501,3357.76955,0.00000,0.00144,40.38684
23.20000,1.16004,3384.57897,0.00000,0.00145,40.70930
23.30000,1.16500,3409.58536,0.00000,0.00147,41.01007
23.40000,1.17002,3436.87944,0.00000,0.00148,41.33836
23.50000,1.17498,3461.13965,0.00000,0.00149,41.63016
23.60000,1.18007,3488.31825,0.00000,0.00151,41.95706
23.70000,1.18497,3513.17264,0.00000,0.00152,42.25600
23.80000,1.19005,3541.66366,0.00000,0.00153,42.59869
23.90000,1.19489,3565.13932,0.00000,0.00155,42.88105
24.00000,1.20009,3593.06931,0.00000,0.00156,43.21699
24.10000,1.20494,3617.18126,0.00000,0.00157,43.50701
24.20000,1.21008,3645.22822,0.00000,0.00159,43.84435
24.30000,1.21486,3670.47973,0.00000,0.00160,44.14807
24.40000,1.22000,3696.71658,0.00000,0.00161,44.46365
24.50000,1.22491,3721.94387,0.00000,0.00163,44.76708
24.60000,1.23011,3750.20690,0.00000,0.00164,45.10702
24.70000,1.23495,3775.42675,0.00000,0.00166,45.41036
24.80000,1.23997,3802.50514,0.00000,0.00167,45.73606
24.90000,1.24488,3828.05355,0.00000,0.00168,46.04335
25.00000,1.25002,3854.40737,0.00000,0.00169,46.36033
25.10000,1.25498,3880.92808,0.00000,0.00171,46.67932
25.20000,1.25994,3906.39417,0.00000,0.00172,46.98562
25.30000,1.26497,3934.26791,0.00000,0.00174,47.32089
25.40000,1.26993,3959.33948,0.00000,0.00175,47.62244
25.50000,1.27501,3987.11935,0.00000,0.00176,47.95658
25.60000,1.27997,4011.41867,0.00000,0.00177,48.24885
25.70000,1.28500,4038.69674,0.00000,0.00179,48.57694
25.80000,1.28996,4061.57449,0.00000,0.00180,48.85211
25.90000,1.29504,4089.16101,0.00000,0.00182,49.18392
26.00000,1.29994,4112.79351,0.00000,0.00183,49.46817
26.10000,1.30509,4142.17301,0.00000,0.00184,49.82154
26.20000,1.30987,4166.90223,0.00000,0.00186,50.11898
26.30000,1.31501,4194.48018,0.00000,0.00187,50.45069
26.40000,1.31991,4219.53686,0.00000,0.00188,50.75207
26.50000,1.32505,4245.05509,0.00000,0.00189,51.05900
26.60000,1.32990,4270.67019,0.00000,0.00191,51.36709
26.70000,1.33504,4297.57386,0.00000,0.00192,51.69068
26.80000,1.33994,4322.41820,0.00000,0.00193,51.98951
26.90000,1.34514,4348.56638,0.00000,0.00195,52.30402
27.00000,1.34999,4373.01099,0.00000,0.00196,52.59803
27.10000,1.35501,4399.62447,0.00000,0.00198,52.91814
27.20000,1.35991,4424.75639,0.00000,0.00199,53.22042
27.30000,1.36505,4450.03435,0.00000,0.00200,53.52446
27.40000,1.36996,4474.33963,0.00000,0.00201,53.81680
27.50000,1.37504,4499.71333,0.00000,0.00203,54.12199
27.60000,1.37994,4525.19618,0.00000,0.00204,54.42850
27.70000,1.38502,4551.36113,0.00000,0.00205,54.74321
27.80000,1.38999,4578.34788,0.00000,0.00206,55.06780
27.90000,1.39507,4602.72506,0.00000,0.00208,55.36101
28.00000,1.40003,4627.10857,0.00000,0.00209,55.65429
28.10000,1.40499,4652.20623,0.00000,0.00211,55.95616
28.20000,1.40996,4678.06421,0.00000,0.00212,56.26718
28.30000,1.41498,4702.03049,0.00000,0.00213,56.55544
28.40000,1.42006,4728.91033,0.00000,0.00215,56.87875
28.50000,1.42490,4752.94217,0.00000,0.00216,57.16780
28.60000,1.43005,4781.26146,0.00000,0.00217,57.50842
28.70000,1.43483,4803.20193,0.00000,0.00218,57.77232
28.80000,1.44009,4829.99422,0.00000,0.00220,58.09457
28.90000,1.44493,4851.33678,0.00000,0.00221,58.35128
29.00000,1.45007,4875.02255,0.00000,0.00222,58.63617
29.10000,1.45492,4896.35654,0.00000,0.00223,58.89277
29.20000,1.46006,4920.09297,0.00000,0.00224,59.17827
29.30000,1.46496,4941.69220,0.00000,0.00226,59.43806
29.40000,1.47004,4967.71857,0.00000,0.00227,59.75110
29.50000,1.47489,4991.59209,0.00000,0.00228,60.03825
29.60000,1.47997,5017.67695,0.00000,0.00229,60.35200
29.70000,1.48493,5041.66745,0.00000,0.00231,60.64055
29.80000,1.49001,5065.42586,0.00000,0.00232,60.92631
29.90000,1.49498,5090.01426,0.00000,0.00233,61.22206
30.00000,1.50000,5114.91746,0.00000,0.00235,61.52159
30.10000,1.50496,5139.94135,0.00000,0.00236,61.82258
30.20000,1.50998,5163.70051,0.00000,0.00237,62.10835
30.30000,1.51501,5189.15318,0.00000,0.00238,62.41449
30.40000,1.51997,5212.76966,0.00000,0.00239,62.69855
30.50000,1.52499,5238.56245,0.00000,0.00241,63.00878
30.60000,1.52995,5262.04109,0.00000,0.00242,63.29118
30.70000,1.53504,5287.20915,0.00000,0.00244,63.59390
30.80000,1.54000,5311.24920,0.00000,0.00245,63.88305
30.90000,1.54508,5337.89322,0.00000,0.00246,64.20352
31.00000,1.54986,5361.04217,0.00000,0.00247,64.48195
31.10000,1.55506,5388.26920,0.00000,0.00249,64.80943
31.20000,1.55991,5411.47776,0.00000,0.00250,65.08858
31.30000,1.56511,5437.68220,0.00000,0.00251,65.40377
31.40000,1.56989,5460.70114,0.00000,0.00252,65.68064
31.50000,1.57503,5485.24261,0.00000,0.00253,65.97582
31.60000,1.57988,5509.96028,0.00000,0.00255,66.27312
31.70000,1.58508,5536.97757,0.00000,0.00256,66.59808
31.80000,1.58992,5560.66744,0.00000,0.00258,66.88302
31.90000,1.59500,5588.29941,0.00000,0.00259,67.21537
32.00000,1.59991,5613.69844,0.00000,0.00261,67.52087
32.10000,1.60505,5639.53668,0.00000,0.00262,67.83165
32.20000,1.61001,5664.78819,0.00000,0.00263,68.13537
32.30000,1.61503,5688.84462,0.00000,0.00265,68.42472
32.40000,1.62000,5715.39029,0.00000,0.00266,68.74400
32.50000,1.62502,5738.79778,0.00000,0.00267,69.02555
32.60000,1.62998,5764.75859,0.00000,0.00268,69.33780
32.70000,1.63506,5789.42150,0.00000,0.00270,69.63444
32.80000,1.64003,5816.82734,0.00000,0.00271,69.96408
32.90000,1.64499,5840.74073,0.00000,0.00273,70.25170
33.00000,1.65007,5868.40250,0.00000,0.00274,70.58442
33.10000,1.65491,5892.49209,0.00000,0.00275,70.87416
33.20000,1.66006,5919.56936,0.00000,0.00276,71.19985
33.30000,1.66490,5943.47008,0.00000,0.00278,71.48732
33.40000,1.67004,5972.71249,0.00000,0.00280,71.83904
33.50000,1.67488,5995.74409,0.00000,0.00281,72.11607
33.60000,1.68008,6023.23972,0.00000,0.00282,72.44678
33.70000,1.68493,6047.63404,0.00000,0.00283,72.74019
33.80000,1.69007,6075.57446,0.00000,0.00285,73.07626
33.90000,1.69485,6100.11593,0.00000,0.00287,73.37144
34.00000,1.69999,6125.41959,0.00000,0.00287,73.67579
34.10000,1.70490,6151.54617,0.00000,0.00289,73.99003
34.20000,1.70998,6177.43507,0.00000,0.00290,74.30142
34.30000,1.71488,6205.02196,0.00000,0.00291,74.63323
34.40000,1.71996,6230.96079,0.00000,0.00293,74.94522
34.50000,1.72499,6257.21440,0.00000,0.00294,75.26100
34.60000,1.73007,6282.31615,0.00000,0.00296,75.56292
34.70000,1.73497,6308.06014,0.00000,0.00297,75.87256
34.80000,1.73999,6333.65288,0.00000,0.00298,76.18039
34.90000,1.74496,6360.40866,0.00000,0.00300,76.50221
35.00000,1.74998,6384.38761,0.00000,0.00301,76.79062
35.10000,1.75500,6412.12687,0.00000,0.00303,77.12427
35.20000,1.75996,6438.41848,0.00000,0.00304,77.44050
35.30000,1.76499,6466.89460,0.00000,0.00305,77.78301
35.40000,1.76995,6491.16188,0.00000,0.00306,78.07489
35.50000,1.77509,6520.32793,0.00000,0.00308,78.42569
35.60000,1.78005,6544.02301,0.00000,0.00309,78.71070
35.70000,1.78513,6572.42313,0.00000,0.00311,79.05229
35.80000,1.78992,6596.31640,0.00000,0.00312,79.33967
35.90000,1.79506,6623.88951,0.00000,0.00314,79.67132
36.00000,1.79996,6648.95475,0.00000,0.00315,79.97280
36.10000,1.80516,6676.38630,0.00000,0.00317,80.30275
36.20000,1.80995,6701.89634,0.00000,0.00317,80.60958
36.30000,1.81509,6728.90171,0.00000,0.00319,80.93439
36.40000,1.81993,6753.28225,0.00000,0.00320,81.22764
36.50000,1.82513,6781.52964,0.00000,0.00322,81.56740
36.60000,1.82998,6807.72066,0.00000,0.00324,81.88242
36.70000,1.83506,6836.84498,0.00000,0.00325,82.23272
36.80000,1.83996,6862.94064,0.00000,0.00326,82.54660
36.90000,1.84504,6889.33581,0.00000,0.00328,82.86408
37.00000,1.84995,6915.62891,0.00000,0.00329,83.18033
37.10000,1.85503,6942.61342,0.00000,0.00331,83.50489
37.20000,1.85993,6969.30662,0.00000,0.00332,83.82595
37.30000,1.86495,6994.83603,0.00000,0.00334,84.13302
37.40000,1.86998,7024.70094,0.00000,0.00335,84.49223
37.50000,1.87500,7049.19323,0.00000,0.00336,84.78682
37.60000,1.88002,7077.98228,0.00000,0.00338,85.13309
37.70000,1.88498,7103.21218,0.00000,0.00339,85.43655
37.80000,1.89007,7131.37239,0.00000,0.00341,85.77526
37.90000,1.89497,7155.22468,0.00000,0.00342,86.06215
38.00000,1.90005,7183.00343,0.00000,0.00344,86.39627
38.10000,1.90483,7208.30411,0.00000,0.00345,86.70059
38.20000,1.91004,7238.23905,0.00000,0.00346,87.06064
38.30000,1.91482,7261.51019,0.00000,0.00348,87.34054
38.40000,1.92008,7291.16946,0.00000,0.00350,87.69728
38.50000,1.92486,7315.80108,0.00000,0.00351,87.99355
38.60000,1.93000,7345.13626,0.00000,0.00353,88.34639
38.70000,1.93485,7371.22744,0.00000,0.00354,88.66021
38.80000,1.94005,7399.13136,0.00000,0.00356,88.99583
38.90000,1.94495,7423.57522,0.00000,0.00357,89.28984
39.00000,1.95003,7453.18681,0.00000,0.00359,89.64601
39.10000,1.95488,7480.00890,0.00000,0.00360,89.96862
39.20000,1.95996,7507.58275,0.00000,0.00361,90.30027
39.30000,1.96498,7533.67916,0.00000,0.00365,90.61416
39.40000,1.97000,7558.10887,0.00000,0.00365,90.90799
39.50000,1.97497,7587.25852,0.00000,0.00367,91.25860
39.60000,1.97999,7613.19026,0.00000,0.00368,91.57051
39.70000,1.98501,7641.23648,0.00000,0.00369,91.90784
39.80000,1.99003,7665.88002,0.00000,0.00372,92.20425
39.90000,1.99506,7694.12965,0.00000,0.00373,92.54404
40.00000,2.00002,7718.88569,0.00000,0.00375,92.84180
40.10000,2.00504,7748.11730,0.00000,0.00376,93.19339
40.20000,2.01000,7772.60959,0.00000,0.00377,93.48798
40.30000,2.01509,7800.52468,0.00000,0.00379,93.82374
40.40000,2.01999,7825.29116,0.00000,0.00380,94.12163
40.50000,2.02507,7855.50028,0.00000,0.00382,94.48498
40.60000,2.02991,7882.02435,0.00000,0.00383,94.80401
40.70000,2.03511,7909.78521,0.00000,0.00385,95.13791
40.80000,2.03996,7935.27961,0.00000,0.00386,95.44456
40.90000,2.04510,7962.88922,0.00000,0.00388,95.77664
41.00000,2.04994,7988.70325,0.00000,0.00389,96.08713
41.10000,2.05508,8016.74202,0.00000,0.00391,96.42438
41.20000,2.05999,8042.50762,0.00000,0.00392,96.73428
41.30000,2.06513,8072.28982,0.00000,0.00394,97.09250
41.40000,2.06991,8097.48322,0.00000,0.00395,97.39552
41.50000,2.07505,8125.56967,0.00000,0.00397,97.73334
41.60000,2.07996,8152.51917,0.00000,0.00398,98.05749
41.70000,2.08504,8178.63643,0.00000,0.00400,98.37162
41.80000,2.09000,8206.11939,0.00000,0.00401,98.70218
41.90000,2.09496,8232.12937,0.00000,0.00402,99.01503
42.00000,2.09993,8261.57331,0.00000,0.00404,99.36918
42.10000,2.10501,8288.80295,0.00000,0.00405,99.69669
42.20000,2.11003,8317.79242,0.00000,0.00407,100.04537
42.30000,2.11499,8343.34567,0.00000,0.00408,100.35273
42.40000,2.12002,8372.48042,0.00000,0.00410,100.70315
42.50000,2.12492,8398.85175,0.00000,0.00412,101.02035
42.60000,2.13006,8428.57435,0.00000,0.00413,101.37785
42.70000,2.13490,8453.10465,0.00000,0.00415,101.67289
42.80000,2.14005,8483.32047,0.00000,0.00416,102.03633
42.90000,2.14489,8509.08011,0.00000,0.00418,102.34616
43.00000,2.15003,8537.82967,0.00000,0.00419,102.69195
43.10000,2.15487,8563.21231,0.00000,0.00421,102.99725
43.20000,2.16013,8591.58114,0.00000,0.00422,103.33847
43.30000,2.16492,8617.16866,0.00000,0.00423,103.64623
43.40000,2.17006,8646.33396,0.00000,0.00425,103.99703
43.50000,2.17490,8673.07037,0.00000,0.00426,104.31861
43.60000,2.18010,8702.58361,0.00000,0.00428,104.67359
43.70000,2.18495,8729.23806,0.00000,0.00430,104.99419
43.80000,2.19003,8756.91399,0.00000,0.00431,105.32707
43.90000,2.19487,8782.97761,0.00000,0.00433,105.64056
44.00000,2.20001,8810.75785,0.00000,0.00434,105.97470
44.10000,2.20492,8838.15736,0.00000,0.00436,106.30426
44.20000,2.21006,8865.47342,0.00000,0.00437,106.63281
44.30000,2.21496,8894.87118,0.00000,0.00439,106.98641
44.40000,2.21998,8922.00023,0.00000,0.00440,107.31271
44.50000,2.22501,8950.33330,0.00000,0.00442,107.65350
44.60000,2.23003,8977.57038,0.00000,0.00443,107.98110
44.70000,2.23499,9005.85577,0.00000,0.00445,108.32131
44.80000,2.24001,9032.49234,0.00000,0.00446,108.64170
44.90000,2.24504,9061.42071,0.00000,0.00448,108.98964
45.00000,2.25000,9086.95161,0.00000,0.00449,109.29673
45.10000,2.25508,9117.22705,0.00000,0.00451,109.66087
45.20000,2.25992,9142.65215,0.00000,0.00452,109.96668
45.30000,2.26506,9172.77634,0.00000,0.00454,110.32901
45.40000,2.26991,9198.14259,0.00000,0.00456,110.63412
45.50000,2.27505,9227.14770,0.00000,0.00457,110.98299
45.60000,2.27995,9253.59353,0.00000,0.00459,111.30107
45.70000,2.28503,9283.85928,0.00000,0.00461,111.66511
45.80000,2.28988,9311.04720,0.00000,0.00462,111.99212
45.90000,2.29502,9340.61259,0.00000,0.00464,112.34773
46.00000,2.29986,9367.15007,0.00000,0.00466,112.66692
46.10000,2.30500,9394.99363,0.00000,0.00467,113.00182
46.20000,2.30991,9422.46020,0.00000,0.00469,113.33218
46.30000,2.31499,9451.05329,0.00000,0.00470,113.67610
46.40000,2.31989,9479.09281,0.00000,0.00472,114.01335
46.50000,2.32503,9507.95636,0.00000,0.00474,114.36052
46.60000,2.33000,9536.66866,0.00000,0.00475,114.70587
46.70000,2.33502,9564.42133,0.00000,0.00477,115.03967
46.80000,2.33992,9594.36595,0.00000,0.00479,115.39984
46.90000,2.34494,9619.75530,0.00000,0.00481,115.70522
47.00000,2.35003,9649.69695,0.00000,0.00482,116.06536
47.10000,2.35493,9674.55804,0.00000,0.00483,116.36438
47.20000,2.36001,9705.54054,0.00000,0.00486,116.73704
47.30000,2.36491,9731.27335,0.00000,0.00487,117.04655
47.40000,2.37000,9760.93784,0.00000,0.00489,117.40335
47.50000,2.37490,9787.01264,0.00000,0.00490,117.71697
47.60000,2.38004,9817.09436,0.00000,0.00492,118.07879
47.70000,2.38488,9844.94090,0.00000,0.00493,118.41373
47.80000,2.39003,9874.53684,0.00000,0.00495,118.76970
47.90000,2.39487,9901.08103,0.00000,0.00496,119.08897
48.00000,2.40007,9931.56806,0.00000,0.00498,119.45567
48.10000,2.40491,9958.84091,0.00000,0.00500,119.78370
48.20000,2.40999,9988.04122,0.00000,0.00501,120.13492
48.30000,2.41490,10014.50121,0.00000,0.00503,120.45318
48.40000,2.42004,10043.13827,0.00000,0.00505,120.79762
48.50000,2.42494,10069.35164,0.00000,0.00506,121.11291
48.60000,2.43002,10098.23456,0.00000,0.00508,121.46031
48.70000,2.43493,10127.02659,0.00000,0.00509,121.80662
48.80000,2.44001,10155.97060,0.00000,0.00511,122.15475
48.90000,2.44503,10183.69570,0.00000,0.00513,122.48823
49.00000,2.45005,10211.14364,0.00000,0.00514,122.81837
49.10000,2.45496,10239.83061,0.00000,0.00516,123.16341
49.20000,2.46004,10267.53709,0.00000,0.00518,123.49666
49.30000,2.46500,10296.14657,0.00000,0.00519,123.84077
49.40000,2.47002,10324.07507,0.00000,0.00520,124.17669
49.50000,2.47499,10353.47655,0.00000,0.00522,124.53033
49.60000,2.47995,10381.55332,0.00000,0.00524,124.86803
49.70000,2.48503,10412.49260,0.00000,0.00526,125.24017
49.80000,2.48993,10438.38710,0.00000,0.00527,125.55162
49.90000,2.49508,10467.96218,0.00000,0.00529,125.90735
50.00000,2.49992,10494.92657,0.00000,0.00531,126.23167
50.10000,2.50500,10526.28681,0.00000,0.00532,126.60887
50.20000,2.50990,10552.45399,0.00000,0.00534,126.92361
50.30000,2.51510,10583.05129,0.00000,0.00536,127.29163
50.40000,2.51995,10608.90108,0.00000,0.00537,127.60254
50.50000,2.52503,10638.18932,0.00000,0.00539,127.95482
50.60000,2.52987,10666.92844,0.00000,0.00540,128.30049
50.70000,2.53507,10695.97155,0.00000,0.00542,128.64982
50.80000,2.53992,10723.26973,0.00000,0.00544,128.97816
50.90000,2.54512,10753.85436,0.00000,0.00545,129.34602
51.00000,2.54990,10782.25523,0.00000,0.00547,129.68763
51.10000,2.55504,10812.02328,0.00000,0.00549,130.04567
51.20000,2.55995,10840.19467,0.00000,0.00551,130.38452
51.30000,2.56503,10868.05463,0.00000,0.00552,130.71961
51.40000,2.56993,10896.43613,0.00000,0.00554,131.06098
51.50000,2.57495,10924.38996,0.00000,0.00555,131.39721
51.60000,2.57992,10956.08100,0.00000,0.00557,131.77838
51.70000,2.58500,10983.98119,0.00000,0.00559,132.11396
51.80000,2.59002,11013.96829,0.00000,0.00560,132.47464
51.90000,2.59498,11038.93816,0.00000,0.00562,132.77498
52.00000,2.60001,11069.33951,0.00000,0.00564,133.14064
52.10000,2.60497,11096.63174,0.00000,0.00565,133.46891
52.20000,2.61011,11127.20147,0.00000,0.00567,133.83660
52.30000,2.61495,11152.59975,0.00000,0.00569,134.14208
52.40000,2.62010,11183.93689,0.00000,0.00571,134.51900
52.50000,2.62494,11211.26041,0.00000,0.00572,134.84765
52.60000,2.63008,11242.02982,0.00000,0.00574,135.21774
52.70000,2.63498,11269.15142,0.00000,0.00576,135.54395
52.80000,2.64012,11297.99411,0.00000,0.00577,135.89087
52.90000,2.64491,11324.99352,0.00000,0.00579,136.21562
53.00000,2.64999,11355.20115,0.00000,0.00581,136.57895
53.10000,2.65495,11384.92525,0.00000,0.00583,136.93647
53.20000,2.66009,11414.41613,0.00000,0.00584,137.29118
53.30000,2.66494,11442.44224,0.00000,0.00586,137.62827
53.40000,2.66996,11471.74835,0.00000,0.00588,137.98076
53.50000,2.67492,11499.91527,0.00000,0.00590,138.31955
53.60000,2.68000,11527.94659,0.00000,0.00591,138.65671
53.70000,2.68497,11557.87632,0.00000,0.00593,139.01670
53.80000,2.69005,11586.45228,0.00000,0.00595,139.36041
53.90000,2.69495,11616.70908,0.00000,0.00596,139.72433
54.00000,2.70003,11644.38426,0.00000,0.00598,140.05721
54.10000,2.70500,11674.27301,0.00000,0.00600,140.41671
54.20000,2.71002,11701.66954,0.00000,0.00601,140.74623
54.30000,2.71504,11731.09785,0.00000,0.00603,141.10019
54.40000,2.71994,11759.17387,0.00000,0.00605,141.43788
54.50000,2.72503,11791.81486,0.00000,0.00607,141.83048
54.60000,2.72993,11818.82322,0.00000,0.00608,142.15534
54.70000,2.73507,11849.46746,0.00000,0.00610,142.52392
54.80000,2.73985,11875.35301,0.00000,0.00612,142.83527
54.90000,2.74500,11906.57020,0.00000,0.00613,143.21075
55.00000,2.74984,11933.91755,0.00000,0.00615,143.53968
55.10000,2.75510,11965.90811,0.00000,0.00617,143.92446
55.20000,2.75994,11993.72411,0.00000,0.00619,144.25902
55.30000,2.76508,12024.56728,0.00000,0.00620,144.63000
55.40000,2.76993,12053.42859,0.00000,0.00622,144.97714
55.50000,2.77507,12082.98281,0.00000,0.00624,145.33262
55.60000,2.77991,12111.04766,0.00000,0.00626,145.67018
55.70000,2.78505,12140.01030,0.00000,0.00628,146.01854
55.80000,2.78990,12169.19944,0.00000,0.00630,146.36962
55.90000,2.79498,12198.27756,0.00000,0.00631,146.71937
56.00000,2.79994,12228.56715,0.00000,0.00633,147.08369
56.10000,2.80496,12256.89799,0.00000,0.00635,147.42445
56.20000,2.80993,12286.85230,0.00000,0.00637,147.78473
56.30000,2.81495,12314.95067,0.00000,0.00638,148.12270
56.40000,2.81997,12346.39809,0.00000,0.00640,148.50094
56.50000,2.82499,12374.63206,0.00000,0.00642,148.84054
56.60000,2.83002,12406.16441,0.00000,0.00644,149.21980
56.70000,2.83492,12433.54827,0.00000,0.00645,149.54917
56.80000,2.84000,12464.58143,0.00000,0.00647,149.92244
56.90000,2.84490,12491.35807,0.00000,0.00649,150.24450
57.00000,2.84999,12522.12375,0.00000,0.00650,150.61455
57.10000,2.85489,12549.04121,0.00000,0.00652,150.93831
57.20000,2.86003,12579.93132,0.00000,0.00654,151.30985
57.30000,2.86487,12608.57433,0.00000,0.00656,151.65437
57.40000,2.87007,12639.32735,0.00000,0.00657,152.02426
57.50000,2.87498,12666.97496,0.00000,0.00659,152.35680
57.60000,2.88012,12697.82335,0.00000,0.00661,152.72784
57.70000,2.88490,12724.66183,0.00000,0.00663,153.05065
57.80000,2.88999,12754.74131,0.00000,0.00665,153.41244
57.90000,2.89489,12782.46641,0.00000,0.00666,153.74592
58.00000,2.90003,12812.50268,0.00000,0.00668,154.10719
58.10000,2.90487,12841.94291,0.00000,0.00670,154.46129
58.20000,2.91001,12873.01630,0.00000,0.00672,154.83504
58.30000,2.91492,12902.78137,0.00000,0.00673,155.19305
58.40000,2.92006,12932.58518,0.00000,0.00676,155.55153
58.50000,2.92502,12962.15653,0.00000,0.00678,155.90721
58.60000,2.93004,12991.02008,0.00000,0.00679,156.25438
58.70000,2.93501,13022.00109,0.00000,0.00681,156.62701
58.80000,2.94003,13050.97193,0.00000,0.00683,156.97547
58.90000,2.94499,13081.00522,0.00000,0.00685,157.33671
59.00000,2.95001,13108.23411,0.00000,0.00687,157.66421
59.10000,2.95504,13139.35071,0.00000,0.00688,158.03848
59.20000,2.95994,13166.04316,0.00000,0.00690,158.35953
59.30000,2.96502,13198.77952,0.00000,0.00692,158.75328
59.40000,2.96992,13225.96967,0.00000,0.00694,159.08032
59.50000,2.97507,13258.62855,0.00000,0.00695,159.47314
59.60000,2.97991,13285.91406,0.00000,0.00697,159.80132
59.70000,2.98505,13317.67589,0.00000,0.00699,160.18335
59.80000,2.98989,13344.00922,0.00000,0.00701,160.50009
59.90000,2.99509,13374.95297,0.00000,0.00703,160.87227
60.00000,2.99988,13402.36068,0.00000,0.00704,161.20193
60.10000,3.00502,13434.51589,0.00000,0.00706,161.58869
60.20000,3.00986,13464.31375,0.00000,0.00708,161.94709
60.30000,3.01500,13494.15481,0.00000,0.00710,162.30602
60.40000,3.01991,13523.03326,0.00000,0.00711,162.65336
60.50000,3.02499,13552.32447,0.00000,0.00713,163.00568
60.60000,3.02989,13582.02100,0.00000,0.00715,163.36286
60.70000,3.03503,13611.05591,0.00000,0.00717,163.71209
60.80000,3.04000,13641.51090,0.00000,0.00719,164.07840
60.90000,3.04508,13670.10027,0.00000,0.00721,164.42227
61.00000,3.04998,13700.15591,0.00000,0.00722,164.78377
61.10000,3.05494,13727.60385,0.00000,0.00724,165.11391
61.20000,3.06003,13759.10193,0.00000,0.00725,165.49277
61.30000,3.06505,13786.10283,0.00000,0.00727,165.81753
61.40000,3.07007,13817.77376,0.00000,0.00729,166.19847
61.50000,3.07497,13845.89374,0.00000,0.00731,166.53669
61.60000,3.08006,13878.17115,0.00000,0.00733,166.92492
61.70000,3.08490,13905.38663,0.00000,0.00734,167.25226
61.80000,3.09010,13936.32144,0.00000,0.00736,167.62434
61.90000,3.09494,13963.68891,0.00000,0.00738,167.95352
62.00000,3.10009,13994.87108,0.00000,0.00740,168.32857
62.10000,3.10493,14024.22935,0.00000,0.00742,168.68169
62.20000,3.11007,14054.93468,0.00000,0.00744,169.05101
62.30000,3.11497,14084.03218,0.00000,0.00745,169.40099
62.40000,3.12011,14114.46780,0.00000,0.00747,169.76707
62.50000,3.12490,14143.04376,0.00000,0.00749,170.11077
62.60000,3.13010,14174.30639,0.00000,0.00751,170.48680
62.70000,3.13494,14201.38925,0.00000,0.00753,170.81255
62.80000,3.14008,14232.58930,0.00000,0.00755,171.18782
62.90000,3.14493,14260.98794,0.00000,0.00756,171.52939
63.00000,3.15001,14292.26846,0.00000,0.00758,171.90563
63.10000,3.15497,14322.88438,0.00000,0.00760,172.27387
63.20000,3.16005,14351.57955,0.00000,0.00762,172.61902
63.30000,3.16496,14380.85139,0.00000,0.00764,172.97109
63.40000,3.16998,14410.57920,0.00000,0.00765,173.32866
63.50000,3.17494,14442.51984,0.00000,0.00767,173.71283
63.60000,3.17996,14471.28505,0.00000,0.00770,174.05882
63.70000,3.18499,14503.17204,0.00000,0.00771,174.44235
63.80000,3.18995,14529.63799,0.00000,0.00773,174.76068
63.90000,3.19497,14562.00927,0.00000,0.00775,175.15004
64.00000,3.19993,14590.86984,0.00000,0.00777,175.49717
64.10000,3.20508,14622.62124,0.00000,0.00779,175.87907
64.20000,3.20998,14649.84119,0.00000,0.00780,176.20647
64.30000,3.21506,14681.85633,0.00000,0.00782,176.59154
64.40000,3.21984,14709.49203,0.00000,0.00784,176.92394
64.50000,3.22505,14742.18667,0.00000,0.00786,177.31719
64.60000,3.22989,14770.27386,0.00000,0.00788,177.65502
64.70000,3.23509,14801.22507,0.00000,0.00790,178.02730
64.80000,3.23987,14828.14252,0.00000,0.00792,178.35106
64.90000,3.24495,14859.50947,0.00000,0.00794,178.72833
65.00000,3.24986,14888.94373,0.00000,0.00795,179.08237
65.10000,3.25506,14920.79794,0.00000,0.00797,179.46550
65.20000,3.25996,14948.99839,0.00000,0.00799,179.80470
65.30000,3.26504,14979.19410,0.00000,0.00801,180.16789
65.40000,3.26989,15007.89225,0.00000,0.00803,180.51306
65.50000,3.27497,15037.50384,0.00000,0.00805,180.86923
65.60000,3.28005,15069.62180,0.00000,0.00807,181.25554
65.70000,3.28501,15099.03818,0.00000,0.00808,181.60936
65.80000,3.28998,15130.01770,0.00000,0.00810,181.98197
65.90000,3.29494,15157.85307,0.00000,0.00812,182.31677
66.00000,3.30002,15189.39137,0.00000,0.00814,182.69611
66.10000,3.30504,15217.80789,0.00000,0.00816,183.03790
66.20000,3.31007,15248.25096,0.00000,0.00818,183.40407
66.30000,3.31497,15275.82854,0.00000,0.00819,183.73577
66.40000,3.32011,15308.89422,0.00000,0.00821,184.13348
66.50000,3.32495,15335.48236,0.00000,0.00823,184.45328
66.60000,3.33010,15367.67632,0.00000,0.00825,184.84050
66.70000,3.33500,15395.07955,0.00000,0.00827,185.17010
66.80000,3.34008,15426.91588,0.00000,0.00829,185.55303
66.90000,3.34492,15456.39187,0.00000,0.00830,185.90756
67.00000,3.35007,15488.44874,0.00000,0.00833,186.29314
67.10000,3.35491,15517.01128,0.00000,0.00834,186.63668
67.20000,3.36011,15547.94312,0.00000,0.00836,187.00873
67.30000,3.36495,15577.63815,0.00000,0.00838,187.36590
67.40000,3.37009,15608.68621,0.00000,0.00840,187.73934
67.50000,3.37494,15637.74943,0.00000,0.00841,188.08891
67.60000,3.38008,15668.21933,0.00000,0.00844,188.45540
67.70000,3.38492,15698.08125,0.00000,0.00846,188.81457
67.80000,3.39000,15729.65831,0.00000,0.00847,189.19438
67.90000,3.39491,15759.30864,0.00000,0.00849,189.55101
68.00000,3.40005,15788.64604,0.00000,0.00851,189.90387
68.10000,3.40501,15819.35436,0.00000,0.00853,190.27323
68.20000,3.40997,15846.42380,0.00000,0.00855,190.59882
68.30000,3.41500,15879.17954,0.00000,0.00856,190.99280
68.40000,3.41996,15907.28313,0.00000,0.00858,191.33083
68.50000,3.42504,15940.31155,0.00000,0.00861,191.72809
68.60000,3.43000,15968.43451,0.00000,0.00862,192.06635
68.70000,3.43497,16000.63741,0.00000,0.00864,192.45368
68.80000,3.43987,16029.11204,0.00000,0.00866,192.79617
68.90000,3.44501,16060.81128,0.00000,0.00868,193.17744
69.00000,3.44985,16088.82099,0.00000,0.00870,193.51434
69.10000,3.45500,16120.64689,0.00000,0.00872,193.89714
69.20000,3.45984,16149.03659,0.00000,0.00873,194.23861
69.30000,3.46498,16181.30952,0.00000,0.00875,194.62678
69.40000,3.46988,16209.55169,0.00000,0.00877,194.96647
69.50000,3.47508,16240.17954,0.00000,0.00879,195.33486
69.60000,3.47993,16270.20985,0.00000,0.00881,195.69606
69.70000,3.48501,16302.64968,0.00000,0.00883,196.08625
69.80000,3.48991,16331.45213,0.00000,0.00885,196.43268
69.90000,3.49505,16361.88030,0.00000,0.00887,196.79866
70.00000,3.50002,16391.95681,0.00000,0.00889,197.16042
70.10000,3.50498,16420.93062,0.00000,0.00891,197.50891
70.20000,3.50988,16450.99819,0.00000,0.00893,197.87056
70.30000,3.51502,16479.79021,0.00000,0.00895,198.21687
70.40000,3.51993,16509.97996,0.00000,0.00897,198.57999
70.50000,3.52501,16540.01176,0.00000,0.00899,198.94121
70.60000,3.52997,16572.66915,0.00000,0.00901,199.33401
70.70000,3.53499,16601.52823,0.00000,0.00902,199.68112
70.80000,3.54002,16632.81918,0.00000,0.00904,200.05748
70.90000,3.54504,16661.13287,0.00000,0.00906,200.39804
71.00000,3.55006,16692.25395,0.00000,0.00908,200.77236
71.10000,3.55496,16720.25472,0.00000,0.00910,201.10915
71.20000,3.56005,16752.44719,0.00000,0.00912,201.49635
71.30000,3.56495,16781.38822,0.00000,0.00913,201.84445
71.40000,3.57009,16813.08448,0.00000,0.00916,202.22569
71.50000,3.57493,16840.73508,0.00000,0.00917,202.55827
71.60000,3.58007,16873.22706,0.00000,0.00920,202.94908
71.70000,3.58492,16902.60619,0.00000,0.00921,203.30245
71.80000,3.59012,16934.87465,0.00000,0.00923,203.69057
71.90000,3.59490,16962.16166,0.00000,0.00925,204.01877
72.00000,3.60004,16992.64050,0.00000,0.00927,204.38537
72.10000,3.60483,17022.37129,0.00000,0.00929,204.74297
72.20000,3.61003,17053.62201,0.00000,0.00931,205.11885
72.30000,3.61487,17082.95494,0.00000,0.00932,205.47166
72.40000,3.62001,17114.00300,0.00000,0.00935,205.84510
72.50000,3.62486,17144.20319,0.00000,0.00937,206.20835
72.60000,3.63000,17176.60129,0.00000,0.00938,206.59803
72.70000,3.63496,17207.79091,0.00000,0.00940,206.97317
72.80000,3.64004,17237.36823,0.00000,0.00942,207.32892
72.90000,3.64501,17267.83365,0.00000,0.00944,207.69536
73.00000,3.64997,17296.42898,0.00000,0.00945,208.03930
73.10000,3.65493,17329.34266,0.00000,0.00948,208.43518
73.20000,3.65995,17357.41198,0.00000,0.00950,208.77280
73.30000,3.66504,17390.58197,0.00000,0.00952,209.17176
73.40000,3.66994,17417.74976,0.00000,0.00953,209.49853
73.50000,3.67502,17450.57851,0.00000,0.00955,209.89339
73.60000,3.67992,17478.16056,0.00000,0.00957,210.22514
73.70000,3.68507,17509.66907,0.00000,0.00959,210.60412
73.80000,3.68991,17536.81898,0.00000,0.00961,210.93068
73.90000,3.69511,17570.23633,0.00000,0.00963,211.33262
74.00000,3.69989,17599.23100,0.00000,0.00965,211.68136
74.10000,3.70509,17632.21323,0.00000,0.00967,212.07807
74.20000,3.70994,17659.93088,0.00000,0.00969,212.41146
74.30000,3.71508,17690.03868,0.00000,0.00971,212.77359
74.40000,3.71992,17720.51752,0.00000,0.00973,213.14018
74.50000,3.72501,17751.33312,0.00000,0.00975,213.51083
74.60000,3.72991,17781.77917,0.00000,0.00977,213.87703
74.70000,3.73505,17812.03002,0.00000,0.00979,214.24088
74.80000,3.73995,17841.74591,0.00000,0.00981,214.59830
74.90000,3.74503,17871.13994,0.00000,0.00983,214.95185
75.00000,3.75000,17903.07611,0.00000,0.00985,215.33598
75.10000,3.75508,17932.32858,0.00000,0.00987,215.68782
75.20000,3.76004,17963.04435,0.00000,0.00989,216.05727
75.30000,3.76500,17991.49960,0.00000,0.00991,216.39952
75.40000,3.76991,18021.84582,0.00000,0.00993,216.76452
75.50000,3.77499,18052.29932,0.00000,0.00995,217.13081
75.60000,3.78001,18083.01210,0.00000,0.00997,217.50022
75.70000,3.78503,18111.30494,0.00000,0.00999,217.84053
75.80000,3.79000,18142.40962,0.00000,0.01002,218.21465
75.90000,3.79490,18170.82912,0.00000,0.01004,218.55648
76.00000,3.79998,18204.54448,0.00000,0.01006,218.96200
76.10000,3.80494,18233.67625,0.00000,0.01007,219.31239
76.20000,3.81009,18265.19221,0.00000,0.01009,219.69146
76.30000,3.81487,18292.88155,0.00000,0.01012,220.02451
76.40000,3.82001,18325.25432,0.00000,0.01013,220.41388
76.50000,3.82491,18353.31619,0.00000,0.01015,220.75141
76.60000,3.83012,18386.60836,0.00000,0.01018,221.15184
76.70000,3.83490,18414.46459,0.00000,0.01019,221.48689
76.80000,3.84004,18446.23685,0.00000,0.01021,221.86905
76.90000,3.84488,18475.92443,0.00000,0.01023,222.22612
77.00000,3.85002,18506.44052,0.00000,0.01025,222.59317
77.10000,3.85493,18536.56918,0.00000,0.01027,222.95555
77.20000,3.86007,18567.20150,0.00000,0.01029,223.32399
77.30000,3.86491,18597.78315,0.00000,0.01031,223.69183
77.40000,3.86999,18627.96098,0.00000,0.01033,224.05480
77.50000,3.87496,18658.07921,0.00000,0.01035,224.41706
77.60000,3.88004,18687.92921,0.00000,0.01037,224.77609
77.70000,3.88500,18718.24414,0.00000,0.01039,225.14072
77.80000,3.88996,18747.37293,0.00000,0.01041,225.49107
77.90000,3.89499,18780.25383,0.00000,0.01043,225.88656
78.00000,3.89995,18810.03082,0.00000,0.01045,226.24471
78.10000,3.90503,18842.41104,0.00000,0.01047,226.63418
78.20000,3.90993,18870.51910,0.00000,0.01049,226.97226
78.30000,3.91502,18901.04562,0.00000,0.01051,227.33943
78.40000,3.91992,18930.07904,0.00000,0.01052,227.68864
78.50000,3.92512,18961.52645,0.00000,0.01054,228.06689
78.60000,3.92990,18989.24261,0.00000,0.01056,228.40025
78.70000,3.93511,19021.71820,0.00000,0.01058,228.79086
78.80000,3.93989,19049.84415,0.00000,0.01060,229.12916
78.90000,3.94503,19081.16937,0.00000,0.01062,229.50594
79.00000,3.94993,19109.65443,0.00000,0.01064,229.84855
79.10000,3.95507,19140.10495,0.00000,0.01066,230.21481
79.20000,3.95986,19167.78237,0.00000,0.01068,230.54771
79.30000,3.96500,19199.41455,0.00000,0.01070,230.92817
79.40000,3.96990,19229.36291,0.00000,0.01071,231.28839
79.50000,3.97504,19261.19477,0.00000,0.01074,231.67126
79.60000,3.98001,19290.42637,0.00000,0.01076,232.02285
79.70000,3.98497,19319.67735,0.00000,0.01078,232.37468
79.80000,3.98993,19351.16053,0.00000,0.01079,232.75336
79.90000,3.99501,19381.59019,0.00000,0.01081,233.11936
80.00000,3.99998,19412.72169,0.00000,0.01083,233.49381
80.10000,4.00506,19442.81161,0.00000,0.01085,233.85572
80.20000,4.00996,19474.17706,0.00000,0.01087,234.23298
80.30000,4.01498,19502.25681,0.00000,0.01090,234.57072
80.40000,4.02001,19533.84876,0.00000,0.01091,234.95071
80.50000,4.02509,19561.86593,0.00000,0.01093,235.28769
80.60000,4.03011,19593.98091,0.00000,0.01096,235.67397
80.70000,4.03495,19622.94877,0.00000,0.01097,236.02239
80.80000,4.04004,19655.80732,0.00000,0.01099,236.41761
80.90000,4.04494,19683.69186,0.00000,0.01101,236.75300
81.00000,4.05008,19715.61313,0.00000,0.01104,237.13695
81.10000,4.05486,19742.80775,0.00000,0.01105,237.46404
81.20000,4.06001,19775.23714,0.00000,0.01108,237.85410
81.30000,4.06485,19803.72369,0.00000,0.01109,238.19673
81.40000,4.07005,19835.65986,0.00000,0.01111,238.58085
81.50000,4.07489,19864.47722,0.00000,0.01113,238.92746
81.60000,4.08003,19896.73078,0.00000,0.01115,239.31541
81.70000,4.08488,19927.62089,0.00000,0.01117,239.68695
81.80000,4.09002,19958.26960,0.00000,0.01119,240.05559
81.90000,4.09492,19988.12407,0.00000,0.01121,240.41467
82.00000,4.10000,20017.47340,0.00000,0.01123,240.76768
82.10000,4.10491,20048.90740,0.00000,0.01125,241.14577
82.20000,4.10993,20077.97360,0.00000,0.01127,241.49537
82.30000,4.11495,20109.11107,0.00000,0.01129,241.86989
82.40000,4.11997,20136.42937,0.00000,0.01131,242.19847
82.50000,4.12494,20168.87069,0.00000,0.01133,242.58867
82.60000,4.12996,20197.16948,0.00000,0.01135,242.92905
82.70000,4.13498,20229.78663,0.00000,0.01137,243.32136
82.80000,4.14000,20258.57270,0.00000,0.01139,243.66760
82.90000,4.14503,20289.84725,0.00000,0.01141,244.04376
83.00000,4.14987,20317.01356,0.00000,0.01143,244.37052
83.10000,4.15501,20348.57720,0.00000,0.01145,244.75016
83.20000,4.15985,20376.74040,0.00000,0.01146,245.08890
83.30000,4.16506,20408.80769,0.00000,0.01149,245.47460
83.40000,4.16996,20437.24209,0.00000,0.01150,245.81661
83.50000,4.17498,20469.23786,0.00000,0.01152,246.20145
83.60000,4.17982,20498.63189,0.00000,0.01155,246.55500
83.70000,4.18503,20529.81406,0.00000,0.01156,246.93005
83.80000,4.18993,20558.73275,0.00000,0.01158,247.27788
83.90000,4.19507,20589.03724,0.00000,0.01160,247.64238
84.00000,4.19991,20618.77251,0.00000,0.01162,248.00003
84.10000,4.20500,20649.76990,0.00000,0.01164,248.37287
84.20000,4.20996,20679.98946,0.00000,0.01166,248.73634
84.30000,4.21510,20710.88254,0.00000,0.01169,249.10792
84.40000,4.21994,20738.67619,0.00000,0.01171,249.44222
84.50000,4.22502,20770.01035,0.00000,0.01173,249.81910
84.60000,4.22993,20801.06735,0.00000,0.01174,250.19265
84.70000,4.23501,20830.74301,0.00000,0.01177,250.54959
84.80000,4.24003,20862.55550,0.00000,0.01179,250.93223
84.90000,4.24499,20892.18497,0.00000,0.01181,251.28861
85.00000,4.24996,20923.43122,0.00000,0.01183,251.66443
85.10000,4.25498,20952.96085,0.00000,0.01184,252.01961
85.20000,4.26000,20983.76304,0.00000,0.01187,252.39010
85.30000,4.26502,21012.20340,0.00000,0.01189,252.73217
85.40000,4.26999,21044.44653,0.00000,0.01191,253.11999
85.50000,4.27489,21072.63058,0.00000,0.01193,253.45898
85.60000,4.28003,21106.07326,0.00000,0.01195,253.86123
85.70000,4.28493,21134.07403,0.00000,0.01197,254.19802
85.80000,4.29008,21165.60042,0.00000,0.01199,254.57721
85.90000,4.29486,21193.11243,0.00000,0.01201,254.90812
86.00000,4.30006,21226.09168,0.00000,0.01203,255.30479
86.10000,4.30490,21254.75854,0.00000,0.01205,255.64960
86.20000,4.31010,21286.45778,0.00000,0.01207,256.03087
86.30000,4.31489,21314.02045,0.00000,0.01209,256.36239
86.40000,4.32003,21346.26210,0.00000,0.01211,256.75019
86.50000,4.32481,21376.07485,0.00000,0.01213,257.10877
86.60000,4.33001,21406.99327,0.00000,0.01216,257.48066
86.70000,4.33492,21435.89556,0.00000,0.01217,257.82829
86.80000,4.33994,21465.62785,0.00000,0.01219,258.18591
86.90000,4.34484,21497.64448,0.00000,0.01221,258.57100
87.00000,4.34998,21528.00113,0.00000,0.01223,258.93612
87.10000,4.35501,21559.56477,0.00000,0.01225,259.31577
87.20000,4.36009,21586.63273,0.00000,0.01227,259.64134
87.30000,4.36499,21617.65397,0.00000,0.01229,260.01446
87.40000,4.36995,21646.73805,0.00000,0.01231,260.36428
87.50000,4.37504,21679.18831,0.00000,0.01233,260.75458
87.60000,4.38006,21707.45730,0.00000,0.01235,261.09460
87.70000,4.38502,21737.26261,0.00000,0.01237,261.45309
87.80000,4.38986,21765.23358,0.00000,0.01238,261.78953
87.90000,4.39501,21798.20687,0.00000,0.01241,262.18612
88.00000,4.39985,21826.28810,0.00000,0.01243,262.52388
88.10000,4.40511,21858.97678,0.00000,0.01245,262.91706
88.20000,4.40995,21887.82096,0.00000,0.01247,263.26399
88.30000,4.41504,21919.29221,0.00000,0.01249,263.64252
88.40000,4.41994,21949.57137,0.00000,0.01251,264.00672
88.50000,4.42508,21980.33035,0.00000,0.01253,264.37668
88.60000,4.42998,22009.93150,0.00000,0.01255,264.73272
88.70000,4.43506,22040.58170,0.00000,0.01257,265.10138
88.80000,4.43985,22068.59291,0.00000,0.01259,265.43829
88.90000,4.44499,22101.83144,0.00000,0.01262,265.83808
89.00000,4.44989,22131.37299,0.00000,0.01263,266.19341
89.10000,4.45509,22162.70417,0.00000,0.01266,266.57025
89.20000,4.45994,22191.58411,0.00000,0.01268,266.91762
89.30000,4.46502,22221.39239,0.00000,0.01270,267.27615
89.40000,4.46998,22252.60735,0.00000,0.01272,267.65160
89.50000,4.47506,22281.68547,0.00000,0.01274,268.00135
89.60000,4.48003,22313.10010,0.00000,0.01276,268.37920
89.70000,4.48505,22341.53450,0.00000,0.01278,268.72120
89.80000,4.48995,22372.94912,0.00000,0.01280,269.09905
89.90000,4.49497,22400.73532,0.00000,0.01282,269.43326
90.00000,4.50000,22432.56867,0.00000,0.01284,269.81615
90.10000,4.50496,22460.02406,0.00000,0.01286,270.14638
90.20000,4.50998,22491.62495,0.00000,0.01288,270.52647
90.30000,4.51488,22520.84911,0.00000,0.01291,270.87798
90.40000,4.52009,22554.23665,0.00000,0.01293,271.27956
90.50000,4.52499,22582.04222,0.00000,0.01294,271.61400
90.60000,4.53007,22612.96362,0.00000,0.01296,271.98592
90.70000,4.53485,22639.48917,0.00000,0.01299,272.30496
90.80000,4.54006,22670.38673,0.00000,0.01301,272.67660
90.90000,4.54490,22699.90891,0.00000,0.01303,273.03169
91.00000,4.55010,22731.12535,0.00000,0.01305,273.40715
91.10000,4.55488,22759.40925,0.00000,0.01307,273.74735
91.20000,4.55996,22789.97749,0.00000,0.01309,274.11502
91.30000,4.56487,22818.83210,0.00000,0.01311,274.46208
91.40000,4.57007,22848.95331,0.00000,0.01313,274.82437
91.50000,4.57497,22877.39515,0.00000,0.01315,275.16647
91.60000,4.57999,22906.92031,0.00000,0.01317,275.52159
91.70000,4.58490,22937.11752,0.00000,0.01319,275.88480
91.80000,4.58992,22965.75755,0.00000,0.01321,276.22928
91.90000,4.59500,22998.23463,0.00000,0.01323,276.61991
92.00000,4.60002,23026.27414,0.00000,0.01325,276.95717
92.10000,4.60493,23055.35823,0.00000,0.01327,277.30699
92.20000,4.60995,23084.36930,0.00000,0.01329,277.65593
92.30000,4.61503,23115.84949,0.00000,0.01331,278.03457
92.40000,4.61999,23143.62526,0.00000,0.01333,278.36865
92.50000,4.62508,23174.74335,0.00000,0.01335,278.74293
92.60000,4.62992,23202.35968,0.00000,0.01337,279.07510
92.70000,4.63506,23233.89798,0.00000,0.01339,279.45444
92.80000,4.63996,23261.79892,0.00000,0.01341,279.79003
92.90000,4.64517,23293.63823,0.00000,0.01343,280.17299
93.00000,4.65001,23321.91020,0.00000,0.01345,280.51304
93.10000,4.65509,23352.51868,0.00000,0.01347,280.88119
93.20000,4.65993,23380.63717,0.00000,0.01349,281.21940
93.30000,4.66514,23412.29469,0.00000,0.01352,281.60017
93.40000,4.66998,23438.21526,0.00000,0.01353,281.91194
93.50000,4.67506,23469.06662,0.00000,0.01355,282.28302
93.60000,4.67990,23497.88398,0.00000,0.01357,282.62963
93.70000,4.68504,23529.61898,0.00000,0.01359,283.01133
93.80000,4.69001,23559.45706,0.00000,0.01361,283.37022
93.90000,4.69509,23589.29068,0.00000,0.01363,283.72906
94.00000,4.69987,23617.92773,0.00000,0.01365,284.07350
94.10000,4.70501,23647.88800,0.00000,0.01367,284.43386
94.20000,4.70992,23677.45489,0.00000,0.01369,284.78949
94.30000,4.71500,23704.62120,0.00000,0.01371,285.11624
94.40000,4.72002,23735.65435,0.00000,0.01373,285.48950
94.50000,4.72492,23763.15892,0.00000,0.01375,285.82032
94.60000,4.72995,23794.49159,0.00000,0.01377,286.19719
94.70000,4.73491,23821.90675,0.00000,0.01379,286.52694
94.80000,4.73999,23853.39141,0.00000,0.01381,286.90563
94.90000,4.74495,23880.06896,0.00000,0.01383,287.22650
95.00000,4.74998,23911.38822,0.00000,0.01385,287.60321
95.10000,4.75488,23939.95672,0.00000,0.01387,287.94683
95.20000,4.76008,23971.63659,0.00000,0.01389,288.32787
95.30000,4.76492,23998.11447,0.00000,0.01391,288.64634
95.40000,4.77001,24028.21034,0.00000,0.01393,289.00833
95.50000,4.77485,24056.30052,0.00000,0.01396,289.34619
95.60000,4.77999,24086.71379,0.00000,0.01398,289.71200
95.70000,4.78489,24115.24802,0.00000,0.01400,290.05521
95.80000,4.79009,24146.55387,0.00000,0.01402,290.43175
95.90000,4.79494,24174.48461,0.00000,0.01403,290.76770
96.00000,4.80002,24205.20633,0.00000,0.01406,291.13722
96.10000,4.80486,24233.97601,0.00000,0.01408,291.48325
96.20000,4.81000,24262.09599,0.00000,0.01410,291.82148
96.30000,4.81503,24290.95060,0.00000,0.01412,292.16854
96.40000,4.81999,24317.67285,0.00000,0.01414,292.48995
96.50000,4.82495,24347.67932,0.00000,0.01416,292.85086
96.60000,4.83003,24377.04504,0.00000,0.01418,293.20407
96.70000,4.83506,24407.93514,0.00000,0.01420,293.57561
96.80000,4.84008,24435.80180,0.00000,0.01422,293.91079
96.90000,4.84504,24466.33726,0.00000,0.01424,294.27807
97.00000,4.85000,24493.64066,0.00000,0.01426,294.60647
97.10000,4.85509,24525.70647,0.00000,0.01428,294.99215
97.20000,4.86005,24552.45107,0.00000,0.01430,295.31383
97.30000,4.86507,24583.54235,0.00000,0.01432,295.68779
97.40000,4.86997,24610.49259,0.00000,0.01434,296.01195
97.50000,4.87506,24641.87294,0.00000,0.01437,296.38939
97.60000,4.87996,24669.24936,0.00000,0.01439,296.71867
97.70000,4.88516,24699.20963,0.00000,0.01441,297.07903
97.80000,4.88994,24726.53985,0.00000,0.01443,297.40775
97.90000,4.89503,24757.98577,0.00000,0.01445,297.78598
98.00000,4.89993,24787.23526,0.00000,0.01447,298.13779
98.10000,4.90513,24817.23130,0.00000,0.01449,298.49858
98.20000,4.90997,24844.72692,0.00000,0.01451,298.82929
98.30000,4.91505,24873.83336,0.00000,0.01453,299.17938
98.40000,4.91990,24901.88032,0.00000,0.01455,299.51672
98.50000,4.92510,24932.76447,0.00000,0.01457,299.88819
98.60000,4.92994,24960.08426,0.00000,0.01459,300.21679
98.70000,4.93508,24989.20709,0.00000,0.01461,300.56708
98.80000,4.93993,25018.62943,0.00000,0.01463,300.92097
98.90000,4.94495,25048.31851,0.00000,0.01465,301.27806
99.00000,4.94997,25079.53346,0.00000,0.01467,301.65351
99.10000,4.95505,25107.45227,0.00000,0.01469,301.98932
99.20000,4.95996,25136.03568,0.00000,0.01471,302.33312
99.30000,4.96492,25163.10811,0.00000,0.01473,302.65874
99.40000,4.96994,25194.34094,0.00000,0.01475,303.03440
99.50000,4.97496,25223.22237,0.00000,0.01477,303.38179
99.60000,4.98011,25254.79198,0.00000,0.01480,303.76150
99.70000,4.98495,25279.86169,0.00000,0.01481,304.06304
99.80000,4.99003,25309.80706,0.00000,0.01483,304.42322
99.90000,4.99487,25336.67982,0.00000,0.01485,304.74644
100.00000,5.00008,25367.71595,0.00000,0.01487,305.11974
100.10000,5.00498,25394.06121,0.00000,0.01489,305.43661
100.20000,5.01006,25424.64435,0.00000,0.01491,305.80446
100.30000,5.01484,25451.31743,0.00000,0.01494,306.12529
100.40000,5.02005,25481.86183,0.00000,0.01495,306.49267
100.50000,5.02495,25510.01310,0.00000,0.01498,306.83127
100.60000,5.03009,25539.54720,0.00000,0.01500,307.18650
100.70000,5.03493,25568.08889,0.00000,0.01502,307.52980
100.80000,5.04002,25597.67962,0.00000,0.01504,307.88571
100.90000,5.04492,25626.60873,0.00000,0.01506,308.23367
101.00000,5.05006,25656.39615,0.00000,0.01508,308.59195
101.10000,5.05496,25684.71432,0.00000,0.01510,308.93255
101.20000,5.05993,25711.02381,0.00000,0.01512,309.24900
101.30000,5.06495,25741.03177,0.00000,0.01514,309.60993
101.40000,5.07003,25768.39924,0.00000,0.01516,309.93911
101.50000,5.07505,25798.90788,0.00000,0.01518,310.30606
101.60000,5.08001,25826.38264,0.00000,0.01520,310.63652
101.70000,5.08498,25856.46808,0.00000,0.01522,310.99839
101.80000,5.09006,25884.55677,0.00000,0.01524,311.33623
101.90000,5.09502,25914.40678,0.00000,0.01526,311.69527
102.00000,5.10004,25940.86826,0.00000,0.01528,312.01354
102.10000,5.10501,25970.63482,0.00000,0.01530,312.37157
102.20000,5.10985,25996.92047,0.00000,0.01532,312.68773
102.30000,5.11505,26029.94144,0.00000,0.01534,313.08490
102.40000,5.11995,26057.50263,0.00000,0.01536,313.41641
102.50000,5.12515,26088.86659,0.00000,0.01539,313.79365
102.60000,5.12988,26114.02869,0.00000,0.01540,314.09629
102.70000,5.13502,26144.42110,0.00000,0.01542,314.46185
102.80000,5.13986,26172.16110,0.00000,0.01544,314.79550
102.90000,5.14506,26201.58792,0.00000,0.01546,315.14945
103.00000,5.14991,26229.36368,0.00000,0.01548,315.48353
103.10000,5.15499,26258.90076,0.00000,0.01550,315.83880
103.20000,5.15983,26286.34572,0.00000,0.01552,316.16890
103.30000,5.16503,26314.70859,0.00000,0.01556,316.51005
103.40000,5.16994,26344.43045,0.00000,0.01558,316.86754
103.50000,5.17508,26372.10190,0.00000,0.01560,317.20037
103.60000,5.17992,26400.22337,0.00000,0.01562,317.53861
103.70000,5.18500,26428.06470,0.00000,0.01564,317.87348
103.80000,5.18997,26458.41539,0.00000,0.01566,318.23853
103.90000,5.19505,26485.00800,0.00000,0.01568,318.55839
104.00000,5.20001,26513.98182,0.00000,0.01570,318.90688
104.10000,5.20491,26540.55655,0.00000,0.01572,319.22652
104.20000,5.20994,26568.79425,0.00000,0.01574,319.56616
104.30000,5.21496,26594.52558,0.00000,0.01576,319.87565
104.40000,5.22004,26624.48883,0.00000,0.01578,320.23605
104.50000,5.22488,26651.52848,0.00000,0.01580,320.56127
104.60000,5.23003,26681.87916,0.00000,0.01583,320.92633
104.70000,5.23487,26708.63271,0.00000,0.01585,321.24812
104.80000,5.24007,26737.85090,0.00000,0.01587,321.59955
104.90000,5.24491,26763.76700,0.00000,0.01589,321.91127
105.00000,5.25000,26791.65900,0.00000,0.01591,322.24675
105.10000,5.25484,26818.69566,0.00000,0.01593,322.57194
105.20000,5.25998,26847.51749,0.00000,0.01595,322.91861
105.30001,5.26494,26875.52571,0.00000,0.01597,323.25549
105.40001,5.27008,26902.79782,0.00000,0.01599,323.58351
105.50001,5.27493,26929.61693,0.00000,0.01601,323.90609
105.60001,5.28001,26958.75764,0.00000,0.01603,324.25659
105.70001,5.28497,26987.64205,0.00000,0.01605,324.60401
105.80001,5.29011,27014.05883,0.00000,0.01607,324.92174
105.90001,5.29496,27042.68992,0.00000,0.01609,325.26612
106.00001,5.29998,27070.00077,0.00000,0.01611,325.59461
106.10001,5.30494,27098.75405,0.00000,0.01613,325.94045
106.20001,5.31002,27127.59674,0.00000,0.01615,326.28736
106.30001,5.31499,27155.13110,0.00000,0.01617,326.61854
106.40001,5.32001,27181.54192,0.00000,0.01619,326.93621
106.50001,5.32491,27211.21609,0.00000,0.01621,327.29313
106.60001,5.32993,27238.24382,0.00000,0.01623,327.61821
106.70001,5.33502,27268.35012,0.00000,0.01626,327.98033
106.80001,5.34004,27294.43908,0.00000,0.01628,328.29412
106.90001,5.34500,27322.24166,0.00000,0.01629,328.62853
107.00001,5.34990,27348.47665,0.00000,0.01631,328.94408
107.10001,5.35505,27377.36702,0.00000,0.01633,329.29157
107.20001,5.35995,27402.42779,0.00000,0.01635,329.59300
107.30001,5.36515,27430.99034,0.00000,0.01637,329.93654
107.40001,5.36987,27453.77421,0.00000,0.01639,330.21059
107.50001,5.37508,27482.90896,0.00000,0.01641,330.56102
107.60001,5.37986,27508.38995,0.00000,0.01643,330.86750
107.70001,5.38512,27536.55016,0.00000,0.01645,331.20621
107.80001,5.38990,27562.72554,0.00000,0.01647,331.52104
107.90001,5.39499,27591.31491,0.00000,0.01649,331.86491
108.00001,5.39989,27616.28628,0.00000,0.01651,332.16526
108.10001,5.40503,27642.09509,0.00000,0.01652,332.47569
108.20001,5.40993,27667.70422,0.00000,0.01654,332.78371
108.30001,5.41507,27693.16435,0.00000,0.01656,333.08994
108.40001,5.41992,27714.01107,0.00000,0.01657,333.34068
108.46001,5.42291,27223.70028,0.00000,0.01645,327.44329
108.46201,5.42303,26521.53373,0.00000,0.01628,318.99771
108.46401,5.42333,25520.52736,0.00000,0.01604,306.95773
108.46601,5.42356,24315.52559,0.00000,0.01585,292.46412
108.46801,5.42392,22961.50625,0.00000,0.01580,276.17815
108.47001,5.42428,21494.10248,0.00000,0.01586,258.52840
108.47201,5.42482,19955.61272,0.00000,0.01587,240.02363
108.47401,5.42524,18381.39594,0.00000,0.01562,221.08915
108.47601,5.42560,16795.20607,0.00000,0.01498,202.01065
108.47801,5.42614,15219.75994,0.00000,0.01402,183.06138
